Width,Height,Aspect Ratio,File Size (KB),Class
474,474,1.0,47.474609375,test
474,316,1.5,17.294921875,test
474,248,1.9112903225806452,16.2841796875,test
474,342,1.3859649122807018,22.3662109375,test
474,355,1.3352112676056338,10.78515625,test
474,368,1.2880434782608696,18.0849609375,test
474,355,1.3352112676056338,27.6474609375,test
474,355,1.3352112676056338,48.439453125,test
474,270,1.7555555555555555,28.8486328125,test
474,355,1.3352112676056338,23.1484375,test
474,237,2.0,30.1474609375,test
474,343,1.3819241982507289,19.919921875,test
474,266,1.781954887218045,12.2578125,test
474,711,0.6666666666666666,59.669921875,test
474,266,1.781954887218045,26.6796875,test
474,388,1.2216494845360826,16.861328125,test
474,397,1.1939546599496222,32.38671875,test
474,474,1.0,32.6728515625,test
474,355,1.3352112676056338,19.2939453125,test
474,395,1.2,18.783203125,test
474,344,1.377906976744186,16.5419921875,test
474,529,0.8960302457466919,49.73046875,test
474,474,1.0,17.640625,test
474,266,1.781954887218045,14.265625,test
474,474,1.0,20.5322265625,test
474,266,1.781954887218045,14.015625,test
474,392,1.2091836734693877,26.1220703125,test
474,269,1.762081784386617,22.791015625,test
474,274,1.72992700729927,21.8125,test
474,474,1.0,11.0322265625,test
474,266,1.781954887218045,15.6728515625,test
474,308,1.5389610389610389,19.291015625,test
474,474,1.0,29.796875,test
474,378,1.253968253968254,23.03125,test
474,315,1.5047619047619047,25.8369140625,test
474,711,0.6666666666666666,102.6884765625,test
474,474,1.0,31.544921875,test
474,474,1.0,36.208984375,test
474,278,1.7050359712230216,34.548828125,test
474,296,1.6013513513513513,38.1748046875,test
474,266,1.781954887218045,22.48046875,test
474,318,1.490566037735849,35.34765625,test
474,404,1.1732673267326732,26.1015625,test
474,474,1.0,22.81640625,test
474,632,0.75,22.626953125,test
474,266,1.781954887218045,19.0947265625,test
474,463,1.0237580993520519,40.576171875,test
474,276,1.7173913043478262,25.3193359375,test
474,474,1.0,40.9375,test
474,336,1.4107142857142858,21.6533203125,test
474,474,1.0,23.73046875,test
474,317,1.4952681388012619,49.2275390625,test
474,266,1.781954887218045,29.0908203125,test
474,271,1.7490774907749078,38.052734375,test
474,221,2.1447963800904977,17.701171875,test
474,464,1.021551724137931,45.39453125,test
474,210,2.257142857142857,23.5771484375,test
474,474,1.0,16.052734375,test
474,400,1.185,17.6318359375,test
474,266,1.781954887218045,14.5263671875,test
474,266,1.781954887218045,19.4599609375,test
474,366,1.2950819672131149,43.314453125,test
474,284,1.6690140845070423,22.416015625,test
474,581,0.8158347676419966,48.306640625,test
474,230,2.0608695652173914,11.515625,test
474,474,1.0,20.5234375,test
474,274,1.72992700729927,21.80859375,test
474,266,1.781954887218045,19.08984375,test
474,288,1.6458333333333333,14.5322265625,test
474,286,1.6573426573426573,15.9892578125,test
474,344,1.377906976744186,9.9580078125,test
474,474,1.0,9.4443359375,test
474,315,1.5047619047619047,34.0400390625,test
474,342,1.3859649122807018,18.1376953125,test
474,265,1.788679245283019,16.15234375,test
474,474,1.0,18.2509765625,test
474,237,2.0,28.423828125,test
474,316,1.5,39.5693359375,test
474,267,1.7752808988764044,18.205078125,test
300,200,1.5,13.8447265625,test
474,231,2.051948051948052,20.591796875,test
474,286,1.6573426573426573,41.7705078125,test
474,474,1.0,16.6044921875,test
474,378,1.253968253968254,16.9384765625,test
474,266,1.781954887218045,26.2021484375,test
474,474,1.0,23.6611328125,test
474,379,1.2506596306068603,21.7197265625,test
474,474,1.0,16.177734375,test
474,266,1.781954887218045,21.634765625,test
474,474,1.0,31.2158203125,test
474,284,1.6690140845070423,17.208984375,test
474,266,1.781954887218045,37.369140625,test
474,474,1.0,24.6875,test
474,263,1.8022813688212929,18.3427734375,test
474,474,1.0,69.3173828125,test
474,474,1.0,76.521484375,test
474,474,1.0,28.681640625,test
474,266,1.781954887218045,31.625,test
474,266,1.781954887218045,13.814453125,test
474,254,1.8661417322834646,13.16015625,test
474,300,1.58,19.6337890625,test
474,1422,0.3333333333333333,40.2158203125,test
474,355,1.3352112676056338,39.1162109375,test
474,304,1.5592105263157894,16.599609375,test
474,237,2.0,17.8046875,test
474,249,1.9036144578313252,29.818359375,test
474,468,1.0128205128205128,32.87109375,test
474,474,1.0,26.25390625,test
474,352,1.3465909090909092,14.708984375,test
474,355,1.3352112676056338,14.546875,test
474,325,1.4584615384615385,22.8544921875,test
474,355,1.3352112676056338,27.9453125,test
474,290,1.6344827586206896,28.9287109375,test
400,400,1.0,37.330078125,test
474,474,1.0,35.5185546875,test
474,387,1.2248062015503876,14.5595703125,test
474,474,1.0,24.9404296875,test
474,347,1.3659942363112392,27.98828125,test
474,383,1.237597911227154,22.443359375,test
474,130,3.646153846153846,7.8408203125,test
474,266,1.781954887218045,14.15625,test
474,315,1.5047619047619047,48.642578125,test
474,266,1.781954887218045,13.998046875,test
402,260,1.5461538461538462,27.5244140625,test
474,355,1.3352112676056338,32.9765625,test
474,266,1.781954887218045,19.3291015625,test
474,474,1.0,21.3134765625,test
474,291,1.6288659793814433,17.5263671875,test
474,385,1.2311688311688311,17.02734375,test
474,238,1.9915966386554622,32.9873046875,test
474,335,1.4149253731343283,21.3212890625,test
474,266,1.781954887218045,29.03125,test
474,355,1.3352112676056338,16.2822265625,test
474,474,1.0,20.7490234375,test
474,255,1.8588235294117648,23.51953125,test
474,484,0.9793388429752066,26.95703125,test
474,355,1.3352112676056338,31.822265625,test
474,254,1.8661417322834646,20.6171875,test
474,474,1.0,21.0078125,test
474,301,1.5747508305647842,20.8876953125,test
474,294,1.6122448979591837,10.880859375,test
474,266,1.781954887218045,16.869140625,test
474,648,0.7314814814814815,34.630859375,test
474,268,1.7686567164179106,48.0390625,test
474,421,1.1258907363420427,32.8349609375,test
474,541,0.8761552680221811,37.8193359375,test
474,266,1.781954887218045,21.248046875,test
474,266,1.781954887218045,24.7421875,test
474,474,1.0,15.267578125,test
474,355,1.3352112676056338,15.7294921875,test
474,289,1.6401384083044983,38.3427734375,test
474,335,1.4149253731343283,14.126953125,test
474,298,1.5906040268456376,17.9375,test
474,307,1.5439739413680782,18.4716796875,test
474,450,1.0533333333333332,27.3232421875,test
474,474,1.0,56.552734375,test
474,266,1.781954887218045,21.1484375,test
474,474,1.0,14.087890625,test
474,192,2.46875,15.2763671875,test
474,316,1.5,14.806640625,test
474,266,1.781954887218045,15.6025390625,test
474,820,0.5780487804878048,72.52734375,test
474,474,1.0,13.54296875,test
474,266,1.781954887218045,11.5185546875,test
474,316,1.5,24.134765625,test
474,315,1.5047619047619047,35.1953125,test
474,474,1.0,19.818359375,test
474,236,2.0084745762711864,14.8251953125,test
474,268,1.7686567164179106,14.689453125,test
474,165,2.8727272727272726,7.056640625,test
474,266,1.781954887218045,28.0322265625,test
474,711,0.6666666666666666,45.2255859375,test
474,357,1.3277310924369747,35.89453125,test
474,316,1.5,23.2978515625,test
474,474,1.0,15.4931640625,test
474,274,1.72992700729927,28.46875,test
474,294,1.6122448979591837,17.04296875,test
474,355,1.3352112676056338,14.689453125,test
474,203,2.334975369458128,13.931640625,test
474,315,1.5047619047619047,28.3505859375,test
474,474,1.0,27.8251953125,test
474,355,1.3352112676056338,13.46484375,test
474,323,1.4674922600619196,12.2666015625,test
474,316,1.5,30.9365234375,test
474,267,1.7752808988764044,13.0166015625,test
474,273,1.7362637362637363,11.9921875,test
474,355,1.3352112676056338,13.048828125,test
474,264,1.7954545454545454,21.6953125,test
474,249,1.9036144578313252,28.275390625,test
474,474,1.0,24.0341796875,test
474,650,0.7292307692307692,63.267578125,test
474,314,1.5095541401273886,13.55078125,test
474,316,1.5,26.30859375,test
474,308,1.5389610389610389,42.6357421875,test
474,329,1.4407294832826747,39.4755859375,test
474,321,1.4766355140186915,26.509765625,test
474,417,1.1366906474820144,16.42578125,test
474,474,1.0,30.2109375,test
474,474,1.0,27.017578125,test
474,296,1.6013513513513513,42.6005859375,test
474,428,1.1074766355140186,46.5830078125,test
474,355,1.3352112676056338,25.7744140625,test
474,316,1.5,18.6259765625,test
474,474,1.0,22.986328125,test
474,474,1.0,56.03125,test
474,266,1.781954887218045,10.7705078125,test
474,355,1.3352112676056338,53.1279296875,test
474,266,1.781954887218045,22.3505859375,test
474,392,1.2091836734693877,27.193359375,test
474,266,1.781954887218045,15.8720703125,test
474,474,1.0,20.9404296875,test
474,266,1.781954887218045,11.4658203125,test
474,314,1.5095541401273886,21.3125,test
474,506,0.9367588932806324,23.2509765625,test
474,266,1.781954887218045,21.2978515625,test
474,210,2.257142857142857,24.576171875,test
474,474,1.0,27.82421875,test
474,469,1.0106609808102345,41.3935546875,test
474,266,1.781954887218045,26.5966796875,test
474,179,2.64804469273743,19.3984375,test
474,252,1.880952380952381,16.16796875,test
474,474,1.0,20.7841796875,test
474,318,1.490566037735849,33.2275390625,test
474,474,1.0,19.958984375,test
474,474,1.0,32.8798828125,test
474,379,1.2506596306068603,54.1025390625,test
474,628,0.7547770700636943,41.4453125,test
474,287,1.651567944250871,42.4736328125,test
474,451,1.0509977827050998,32.6845703125,test
474,228,2.0789473684210527,12.6533203125,test
474,316,1.5,12.693359375,test
474,266,1.781954887218045,26.669921875,test
474,288,1.6458333333333333,31.39453125,test
474,383,1.237597911227154,28.244140625,test
474,335,1.4149253731343283,20.4169921875,test
474,358,1.324022346368715,21.2158203125,test
474,180,2.6333333333333333,14.8984375,test
474,266,1.781954887218045,21.9970703125,test
474,734,0.6457765667574932,78.9111328125,test
474,236,2.0084745762711864,13.28515625,test
474,333,1.4234234234234233,17.4375,test
474,474,1.0,17.396484375,test
474,255,1.8588235294117648,14.6767578125,test
474,259,1.83011583011583,42.404296875,test
474,363,1.3057851239669422,40.4716796875,test
474,474,1.0,26.5791015625,test
474,266,1.781954887218045,29.2451171875,test
474,315,1.5047619047619047,41.2421875,test
474,600,0.79,18.615234375,test
474,297,1.595959595959596,26.3955078125,test
474,474,1.0,30.982421875,test
474,1026,0.4619883040935672,62.1650390625,test
474,474,1.0,24.0869140625,test
474,266,1.781954887218045,23.2314453125,test
474,474,1.0,27.267578125,test
474,474,1.0,49.853515625,test
474,250,1.896,16.7109375,test
474,266,1.781954887218045,26.7998046875,test
474,265,1.788679245283019,32.0849609375,test
474,297,1.595959595959596,26.4521484375,test
474,266,1.781954887218045,10.369140625,test
474,474,1.0,12.4619140625,test
474,357,1.3277310924369747,19.7412109375,test
474,474,1.0,43.4267578125,test
474,410,1.1560975609756097,24.7041015625,test
474,196,2.4183673469387754,16.490234375,test
474,321,1.4766355140186915,28.8173828125,test
474,355,1.3352112676056338,50.8759765625,test
474,387,1.2248062015503876,33.9462890625,test
474,266,1.781954887218045,10.5927734375,test
474,474,1.0,28.142578125,test
474,418,1.1339712918660287,24.17578125,test
474,474,1.0,23.0537109375,test
474,338,1.4023668639053255,28.5029296875,test
474,484,0.9793388429752066,16.7900390625,test
474,270,1.7555555555555555,25.048828125,test
474,295,1.6067796610169491,46.41796875,test
474,378,1.253968253968254,30.009765625,test
474,362,1.3093922651933703,11.9580078125,test
474,316,1.5,18.05859375,test
474,230,2.0608695652173914,21.2509765625,test
474,267,1.7752808988764044,14.2294921875,test
474,316,1.5,36.9375,test
474,274,1.72992700729927,16.7236328125,test
474,266,1.781954887218045,32.0478515625,test
474,333,1.4234234234234233,23.6337890625,test
474,398,1.1909547738693467,17.7744140625,test
474,211,2.2464454976303316,6.8544921875,test
474,302,1.5695364238410596,12.1181640625,test
474,286,1.6573426573426573,15.916015625,test
474,474,1.0,50.5771484375,test
474,247,1.9190283400809716,15.3017578125,test
474,282,1.6808510638297873,11.8779296875,test
474,388,1.2216494845360826,46.935546875,test
474,474,1.0,19.55078125,test
474,266,1.781954887218045,27.9560546875,test
474,355,1.3352112676056338,44.7998046875,test
474,236,2.0084745762711864,19.9609375,test
474,147,3.2244897959183674,7.818359375,test
474,213,2.2253521126760565,16.08984375,test
474,357,1.3277310924369747,40.4248046875,test
474,514,0.9221789883268483,25.44140625,test
474,474,1.0,39.705078125,test
474,333,1.4234234234234233,26.8583984375,Ankylosaurus
474,280,1.6928571428571428,27.1201171875,Ankylosaurus
474,355,1.3352112676056338,40.6767578125,Ankylosaurus
474,474,1.0,18.072265625,Ankylosaurus
474,474,1.0,22.8896484375,Ankylosaurus
474,365,1.2986301369863014,24.70703125,Ankylosaurus
474,474,1.0,32.21875,Ankylosaurus
474,281,1.686832740213523,23.5478515625,Ankylosaurus
474,474,1.0,20.4189453125,Ankylosaurus
474,398,1.1909547738693467,18.5458984375,Ankylosaurus
474,355,1.3352112676056338,21.669921875,Ankylosaurus
474,474,1.0,58.2998046875,Ankylosaurus
474,219,2.164383561643836,8.6953125,Ankylosaurus
474,289,1.6401384083044983,15.5498046875,Ankylosaurus
474,251,1.8884462151394423,27.4072265625,Ankylosaurus
474,316,1.5,36.9375,Ankylosaurus
474,296,1.6013513513513513,29.2080078125,Ankylosaurus
474,266,1.781954887218045,38.9365234375,Ankylosaurus
474,225,2.1066666666666665,11.5419921875,Ankylosaurus
474,355,1.3352112676056338,18.0830078125,Ankylosaurus
400,269,1.486988847583643,25.3837890625,Ankylosaurus
474,269,1.762081784386617,22.07421875,Ankylosaurus
474,342,1.3859649122807018,36.716796875,Ankylosaurus
474,316,1.5,33.4013671875,Ankylosaurus
474,266,1.781954887218045,21.705078125,Ankylosaurus
474,474,1.0,18.12109375,Ankylosaurus
474,355,1.3352112676056338,30.0087890625,Ankylosaurus
474,266,1.781954887218045,28.8447265625,Ankylosaurus
474,424,1.1179245283018868,33.0224609375,Ankylosaurus
474,474,1.0,20.677734375,Ankylosaurus
474,315,1.5047619047619047,11.64453125,Ankylosaurus
474,266,1.781954887218045,11.072265625,Ankylosaurus
474,536,0.8843283582089553,27.53515625,Ankylosaurus
474,266,1.781954887218045,30.2021484375,Ankylosaurus
474,355,1.3352112676056338,37.7626953125,Ankylosaurus
474,262,1.8091603053435115,20.3125,Ankylosaurus
474,236,2.0084745762711864,26.7431640625,Ankylosaurus
474,474,1.0,27.7861328125,Ankylosaurus
474,355,1.3352112676056338,34.833984375,Ankylosaurus
474,220,2.1545454545454548,18.6845703125,Ankylosaurus
474,468,1.0128205128205128,40.7783203125,Ankylosaurus
474,474,1.0,16.6103515625,Ankylosaurus
474,296,1.6013513513513513,12.943359375,Ankylosaurus
474,457,1.0371991247264771,72.3740234375,Ankylosaurus
474,266,1.781954887218045,33.228515625,Ankylosaurus
474,266,1.781954887218045,11.3310546875,Ankylosaurus
474,266,1.781954887218045,10.99609375,Ankylosaurus
474,474,1.0,34.5615234375,Ankylosaurus
474,474,1.0,14.3017578125,Ankylosaurus
474,480,0.9875,41.8369140625,Ankylosaurus
474,474,1.0,23.2666015625,Ankylosaurus
474,677,0.7001477104874446,39.4091796875,Ankylosaurus
474,355,1.3352112676056338,19.0791015625,Ankylosaurus
474,265,1.788679245283019,20.6162109375,Ankylosaurus
474,474,1.0,28.1826171875,Ankylosaurus
474,355,1.3352112676056338,22.578125,Ankylosaurus
474,474,1.0,53.0458984375,Ankylosaurus
474,355,1.3352112676056338,26.6904296875,Ankylosaurus
474,270,1.7555555555555555,28.798828125,Ankylosaurus
474,264,1.7954545454545454,25.14453125,Ankylosaurus
474,474,1.0,43.8134765625,Ankylosaurus
474,310,1.5290322580645161,21.87890625,Ankylosaurus
474,710,0.6676056338028169,50.966796875,Ankylosaurus
474,355,1.3352112676056338,27.11328125,Ankylosaurus
474,459,1.0326797385620916,27.2138671875,Ankylosaurus
474,356,1.3314606741573034,58.265625,Ankylosaurus
474,316,1.5,41.6806640625,Ankylosaurus
474,475,0.9978947368421053,43.087890625,Ankylosaurus
474,295,1.6067796610169491,25.1123046875,Ankylosaurus
474,460,1.0304347826086957,28.0126953125,Ankylosaurus
474,474,1.0,26.845703125,Ankylosaurus
474,194,2.443298969072165,16.6552734375,Ankylosaurus
474,355,1.3352112676056338,58.1171875,Ankylosaurus
474,355,1.3352112676056338,23.1904296875,Ankylosaurus
474,474,1.0,30.552734375,Ankylosaurus
474,292,1.6232876712328768,30.984375,Ankylosaurus
474,271,1.7490774907749078,31.1513671875,Ankylosaurus
474,266,1.781954887218045,14.1982421875,Ankylosaurus
474,372,1.2741935483870968,21.8173828125,Ankylosaurus
474,296,1.6013513513513513,19.619140625,Ankylosaurus
474,474,1.0,17.9521484375,Ankylosaurus
474,198,2.393939393939394,24.1484375,Ankylosaurus
474,318,1.490566037735849,30.1826171875,Ankylosaurus
474,296,1.6013513513513513,28.2412109375,Ankylosaurus
474,289,1.6401384083044983,27.220703125,Ankylosaurus
474,294,1.6122448979591837,28.955078125,Ankylosaurus
474,358,1.324022346368715,21.5693359375,Ankylosaurus
474,474,1.0,27.3544921875,Ankylosaurus
474,249,1.9036144578313252,35.3740234375,Ankylosaurus
474,288,1.6458333333333333,49.302734375,Ankylosaurus
474,266,1.781954887218045,13.708984375,Ankylosaurus
474,237,2.0,22.482421875,Ankylosaurus
474,336,1.4107142857142858,20.0966796875,Ankylosaurus
474,312,1.5192307692307692,27.50390625,Ankylosaurus
474,304,1.5592105263157894,19.380859375,Ankylosaurus
474,179,2.64804469273743,15.2236328125,Ankylosaurus
474,329,1.4407294832826747,26.806640625,Ankylosaurus
474,195,2.4307692307692306,15.025390625,Ankylosaurus
474,474,1.0,18.345703125,Ankylosaurus
474,474,1.0,16.576171875,Ankylosaurus
474,355,1.3352112676056338,57.0576171875,Ankylosaurus
474,296,1.6013513513513513,49.2216796875,Ankylosaurus
474,266,1.781954887218045,38.9541015625,Ankylosaurus
474,355,1.3352112676056338,21.796875,Ankylosaurus
474,181,2.6187845303867405,13.529296875,Ankylosaurus
474,266,1.781954887218045,31.09765625,Ankylosaurus
474,266,1.781954887218045,19.646484375,Ankylosaurus
474,339,1.3982300884955752,28.5703125,Ankylosaurus
474,214,2.2149532710280373,11.8505859375,Ankylosaurus
474,316,1.5,11.31640625,Ankylosaurus
474,233,2.0343347639484977,18.87890625,Ankylosaurus
474,249,1.9036144578313252,20.5380859375,Ankylosaurus
474,355,1.3352112676056338,21.71875,Ankylosaurus
474,266,1.781954887218045,16.7685546875,Ankylosaurus
474,266,1.781954887218045,29.662109375,Ankylosaurus
474,266,1.781954887218045,27.5380859375,Ankylosaurus
474,266,1.781954887218045,14.3203125,Ankylosaurus
474,379,1.2506596306068603,14.703125,Ankylosaurus
474,592,0.8006756756756757,74.8984375,Ankylosaurus
474,249,1.9036144578313252,20.5322265625,Ankylosaurus
474,315,1.5047619047619047,44.8671875,Ankylosaurus
474,219,2.164383561643836,8.6953125,Ankylosaurus
474,248,1.9112903225806452,24.166015625,Ankylosaurus
474,474,1.0,18.0927734375,Ankylosaurus
474,281,1.686832740213523,23.5400390625,Ankylosaurus
474,439,1.0797266514806378,31.2294921875,Ankylosaurus
474,379,1.2506596306068603,14.8115234375,Ankylosaurus
474,267,1.7752808988764044,30.30078125,Ankylosaurus
474,312,1.5192307692307692,18.68359375,Ankylosaurus
474,266,1.781954887218045,29.927734375,Ankylosaurus
474,298,1.5906040268456376,20.6875,Ankylosaurus
474,355,1.3352112676056338,13.310546875,Ankylosaurus
474,474,1.0,30.4150390625,Ankylosaurus
474,421,1.1258907363420427,29.40625,Ankylosaurus
474,237,2.0,23.0498046875,Ankylosaurus
474,399,1.1879699248120301,18.763671875,Ankylosaurus
474,446,1.062780269058296,28.341796875,Ankylosaurus
474,266,1.781954887218045,31.7041015625,Ankylosaurus
474,513,0.9239766081871345,45.1875,Ankylosaurus
474,316,1.5,19.7490234375,Ankylosaurus
474,474,1.0,30.1064453125,Ankylosaurus
474,217,2.184331797235023,13.357421875,Ankylosaurus
474,316,1.5,32.66015625,Ankylosaurus
474,474,1.0,56.1455078125,Ankylosaurus
474,462,1.025974025974026,54.9560546875,Ankylosaurus
474,344,1.377906976744186,21.9306640625,Ankylosaurus
474,334,1.4191616766467066,22.4326171875,Ankylosaurus
474,302,1.5695364238410596,19.1796875,Ankylosaurus
474,266,1.781954887218045,26.6064453125,Ankylosaurus
474,242,1.9586776859504131,27.00390625,Ankylosaurus
474,266,1.781954887218045,32.0048828125,Ankylosaurus
474,312,1.5192307692307692,14.830078125,Ankylosaurus
474,316,1.5,62.4697265625,Diplodocus
474,218,2.1743119266055047,14.927734375,Diplodocus
474,562,0.8434163701067615,35.017578125,Diplodocus
474,266,1.781954887218045,9.5810546875,Diplodocus
474,266,1.781954887218045,23.0068359375,Diplodocus
474,249,1.9036144578313252,13.6953125,Diplodocus
474,182,2.6043956043956045,7.0947265625,Diplodocus
474,316,1.5,17.232421875,Diplodocus
458,578,0.7923875432525952,61.24609375,Diplodocus
474,222,2.135135135135135,9.9365234375,Diplodocus
474,315,1.5047619047619047,28.4345703125,Diplodocus
474,296,1.6013513513513513,29.931640625,Diplodocus
474,474,1.0,11.2470703125,Diplodocus
474,613,0.7732463295269169,28.4521484375,Diplodocus
474,241,1.966804979253112,13.0986328125,Diplodocus
474,172,2.755813953488372,7.91015625,Diplodocus
474,276,1.7173913043478262,8.9365234375,Diplodocus
474,355,1.3352112676056338,43.078125,Diplodocus
474,332,1.427710843373494,16.6376953125,Diplodocus
474,266,1.781954887218045,34.60546875,Diplodocus
474,346,1.369942196531792,40.537109375,Diplodocus
474,275,1.7236363636363636,14.181640625,Diplodocus
474,474,1.0,21.1669921875,Diplodocus
474,248,1.9112903225806452,8.341796875,Diplodocus
474,348,1.3620689655172413,13.4375,Diplodocus
474,266,1.781954887218045,8.2041015625,Diplodocus
474,316,1.5,10.7568359375,Diplodocus
474,237,2.0,28.48828125,Diplodocus
474,266,1.781954887218045,10.7626953125,Diplodocus
474,252,1.880952380952381,26.5517578125,Diplodocus
474,359,1.3203342618384402,26.1005859375,Diplodocus
450,300,1.5,10.080078125,Diplodocus
474,474,1.0,50.0888671875,Diplodocus
474,158,3.0,14.0146484375,Diplodocus
474,266,1.781954887218045,8.0068359375,Diplodocus
474,208,2.2788461538461537,25.1171875,Diplodocus
474,181,2.6187845303867405,11.9560546875,Diplodocus
474,474,1.0,15.572265625,Diplodocus
474,632,0.75,52.361328125,Diplodocus
474,474,1.0,39.4580078125,Diplodocus
474,376,1.2606382978723405,39.986328125,Diplodocus
474,265,1.788679245283019,13.62890625,Diplodocus
474,247,1.9190283400809716,26.0322265625,Diplodocus
474,373,1.2707774798927614,17.4541015625,Diplodocus
474,671,0.706408345752608,35.4697265625,Diplodocus
474,474,1.0,23.556640625,Diplodocus
474,324,1.462962962962963,25.2607421875,Diplodocus
474,708,0.6694915254237288,42.8291015625,Diplodocus
474,562,0.8434163701067615,34.5478515625,Diplodocus
474,266,1.781954887218045,23.4931640625,Diplodocus
474,474,1.0,21.6484375,Diplodocus
474,315,1.5047619047619047,21.0625,Diplodocus
474,474,1.0,15.341796875,Diplodocus
474,200,2.37,27.6533203125,Diplodocus
474,348,1.3620689655172413,33.587890625,Diplodocus
474,355,1.3352112676056338,42.263671875,Diplodocus
474,296,1.6013513513513513,25.0439453125,Diplodocus
474,266,1.781954887218045,21.6572265625,Diplodocus
474,266,1.781954887218045,10.6376953125,Diplodocus
474,228,2.0789473684210527,22.9609375,Diplodocus
474,355,1.3352112676056338,13.4443359375,Diplodocus
474,266,1.781954887218045,13.21875,Diplodocus
474,208,2.2788461538461537,25.1171875,Diplodocus
474,354,1.3389830508474576,46.556640625,Diplodocus
210,101,2.0792079207920793,3.2998046875,Diplodocus
474,266,1.781954887218045,25.8349609375,Diplodocus
474,315,1.5047619047619047,63.9189453125,Diplodocus
474,367,1.2915531335149864,17.201171875,Diplodocus
474,305,1.5540983606557377,14.134765625,Diplodocus
474,468,1.0128205128205128,34.1689453125,Diplodocus
400,139,2.8776978417266186,9.36328125,Diplodocus
474,272,1.7426470588235294,25.462890625,Diplodocus
474,290,1.6344827586206896,47.75,Diplodocus
474,355,1.3352112676056338,13.78125,Diplodocus
474,218,2.1743119266055047,14.4130859375,Diplodocus
474,149,3.1812080536912752,10.7158203125,Diplodocus
474,270,1.7555555555555555,7.5224609375,Diplodocus
256,232,1.103448275862069,5.7607421875,Diplodocus
474,378,1.253968253968254,31.876953125,Diplodocus
474,500,0.948,43.9228515625,Diplodocus
474,294,1.6122448979591837,15.2783203125,Diplodocus
474,266,1.781954887218045,11.615234375,Diplodocus
474,474,1.0,20.087890625,Diplodocus
474,474,1.0,75.2919921875,Diplodocus
474,268,1.7686567164179106,22.9306640625,Diplodocus
474,511,0.9275929549902152,19.158203125,Diplodocus
402,260,1.5461538461538462,12.0390625,Diplodocus
474,474,1.0,10.6064453125,Diplodocus
474,355,1.3352112676056338,47.6328125,Diplodocus
474,264,1.7954545454545454,29.544921875,Diplodocus
474,474,1.0,27.0908203125,Diplodocus
474,266,1.781954887218045,6.5068359375,Diplodocus
474,302,1.5695364238410596,20.2001953125,Diplodocus
474,266,1.781954887218045,10.5869140625,Diplodocus
474,315,1.5047619047619047,23.5126953125,Diplodocus
474,299,1.585284280936455,15.58203125,Diplodocus
474,316,1.5,9.7353515625,Diplodocus
474,360,1.3166666666666667,27.26171875,Diplodocus
474,457,1.0371991247264771,33.896484375,Diplodocus
474,474,1.0,19.46484375,Diplodocus
474,322,1.4720496894409938,29.7373046875,Diplodocus
474,295,1.6067796610169491,37.7470703125,Diplodocus
474,405,1.1703703703703703,13.845703125,Diplodocus
474,284,1.6690140845070423,7.3056640625,Diplodocus
474,258,1.8372093023255813,12.4248046875,Diplodocus
474,474,1.0,32.72265625,Diplodocus
474,189,2.507936507936508,12.8994140625,Diplodocus
474,362,1.3093922651933703,13.1826171875,Diplodocus
474,266,1.781954887218045,28.6103515625,Diplodocus
474,367,1.2915531335149864,15.0048828125,Diplodocus
474,228,2.0789473684210527,9.91015625,Diplodocus
474,751,0.6311584553928096,96.3330078125,Diplodocus
474,474,1.0,12.748046875,Diplodocus
474,317,1.4952681388012619,28.9580078125,Diplodocus
474,474,1.0,10.4423828125,Diplodocus
474,579,0.8186528497409327,21.9287109375,Diplodocus
474,393,1.2061068702290076,20.97265625,Diplodocus
474,354,1.3389830508474576,13.318359375,Diplodocus
474,463,1.0237580993520519,60.0087890625,Diplodocus
474,474,1.0,22.6318359375,Diplodocus
474,316,1.5,34.8134765625,Diplodocus
474,294,1.6122448979591837,16.2333984375,Diplodocus
474,266,1.781954887218045,26.115234375,Diplodocus
474,355,1.3352112676056338,53.19921875,Diplodocus
474,173,2.739884393063584,12.990234375,Diplodocus
474,270,1.7555555555555555,19.9091796875,Diplodocus
474,266,1.781954887218045,39.587890625,Diplodocus
474,355,1.3352112676056338,20.96484375,Diplodocus
474,409,1.158924205378973,19.009765625,Diplodocus
474,237,2.0,18.287109375,Diplodocus
474,296,1.6013513513513513,36.8603515625,Diplodocus
474,266,1.781954887218045,25.7216796875,Diplodocus
474,266,1.781954887218045,14.111328125,Diplodocus
474,474,1.0,23.646484375,Diplodocus
474,266,1.781954887218045,23.3603515625,Diplodocus
474,266,1.781954887218045,13.2333984375,Diplodocus
474,500,0.948,22.705078125,Diplodocus
474,355,1.3352112676056338,18.8359375,Diplodocus
474,392,1.2091836734693877,21.5615234375,Diplodocus
474,312,1.5192307692307692,28.685546875,Diplodocus
474,540,0.8777777777777778,56.1064453125,Diplodocus
474,474,1.0,27.2099609375,Diplodocus
474,316,1.5,19.8310546875,Diplodocus
474,104,4.5576923076923075,6.037109375,Diplodocus
474,372,1.2741935483870968,15.2861328125,Diplodocus
474,474,1.0,15.6591796875,Diplodocus
474,237,2.0,9.0068359375,Diplodocus
280,135,2.074074074074074,4.708984375,Diplodocus
474,474,1.0,14.6416015625,Diplodocus
474,209,2.2679425837320575,9.3173828125,Diplodocus
474,381,1.2440944881889764,23.88671875,Diplodocus
474,474,1.0,15.517578125,Diplodocus
474,200,2.37,9.4658203125,Diplodocus
474,266,1.781954887218045,36.875,Diplodocus
474,474,1.0,41.50390625,Diplodocus
474,674,0.7032640949554896,54.8232421875,Diplodocus
474,266,1.781954887218045,8.634765625,Diplodocus
474,474,1.0,33.3876953125,Diplodocus
474,474,1.0,27.59765625,Diplodocus
474,283,1.674911660777385,15.265625,Diplodocus
474,613,0.7732463295269169,29.0634765625,Diplodocus
474,474,1.0,22.87890625,Diplodocus
474,315,1.5047619047619047,30.9765625,Diplodocus
400,167,2.395209580838323,13.6357421875,Diplodocus
474,236,2.0084745762711864,23.9033203125,Diplodocus
474,270,1.7555555555555555,7.517578125,Diplodocus
474,474,1.0,14.5791015625,Diplodocus
474,474,1.0,24.134765625,Diplodocus
474,474,1.0,53.3984375,Diplodocus
474,266,1.781954887218045,16.986328125,Diplodocus
474,165,2.8727272727272726,7.0595703125,Diplodocus
474,141,3.3617021276595747,7.4755859375,Diplodocus
474,116,4.086206896551724,7.1533203125,Diplodocus
474,704,0.6732954545454546,26.4404296875,Diplodocus
474,248,1.9112903225806452,8.197265625,Diplodocus
474,474,1.0,17.9453125,Diplodocus
474,219,2.164383561643836,8.044921875,Diplodocus
474,342,1.3859649122807018,35.2265625,Diplodocus
474,607,0.7808896210873146,33.548828125,Diplodocus
474,265,1.788679245283019,25.46484375,Diplodocus
474,676,0.7011834319526628,36.1455078125,Diplodocus
450,300,1.5,10.080078125,Diplodocus
474,355,1.3352112676056338,16.6650390625,Diplodocus
474,444,1.0675675675675675,19.28515625,Diplodocus
474,266,1.781954887218045,20.412109375,Diplodocus
474,319,1.4858934169278997,21.248046875,Diplodocus
474,139,3.4100719424460433,6.5244140625,Diplodocus
474,316,1.5,14.3681640625,Diplodocus
474,474,1.0,45.6337890625,Diplodocus
474,266,1.781954887218045,16.810546875,Diplodocus
474,250,1.896,17.0322265625,Diplodocus
474,266,1.781954887218045,10.0234375,Diplodocus
474,315,1.5047619047619047,29.8662109375,Diplodocus
474,278,1.7050359712230216,37.78125,Diplodocus
400,400,1.0,20.1630859375,Diplodocus
474,266,1.781954887218045,29.515625,Parasaurolophus
474,266,1.781954887218045,12.984375,Parasaurolophus
474,445,1.0651685393258428,32.4677734375,Parasaurolophus
474,404,1.1732673267326732,28.4287109375,Parasaurolophus
474,328,1.4451219512195121,40.080078125,Parasaurolophus
474,398,1.1909547738693467,19.6591796875,Parasaurolophus
474,266,1.781954887218045,11.9404296875,Parasaurolophus
474,374,1.267379679144385,61.5654296875,Parasaurolophus
474,266,1.781954887218045,20.4140625,Parasaurolophus
474,338,1.4023668639053255,25.5048828125,Parasaurolophus
474,335,1.4149253731343283,22.3134765625,Parasaurolophus
474,296,1.6013513513513513,9.841796875,Parasaurolophus
474,538,0.8810408921933085,17.361328125,Parasaurolophus
474,355,1.3352112676056338,21.00390625,Parasaurolophus
474,304,1.5592105263157894,34.3779296875,Parasaurolophus
474,266,1.781954887218045,15.7705078125,Parasaurolophus
474,474,1.0,27.763671875,Parasaurolophus
474,294,1.6122448979591837,15.8994140625,Parasaurolophus
474,474,1.0,21.0947265625,Parasaurolophus
474,315,1.5047619047619047,43.71484375,Parasaurolophus
474,244,1.9426229508196722,11.4599609375,Parasaurolophus
474,355,1.3352112676056338,15.8935546875,Parasaurolophus
474,388,1.2216494845360826,48.73828125,Parasaurolophus
474,484,0.9793388429752066,17.21875,Parasaurolophus
474,499,0.9498997995991983,67.6513671875,Parasaurolophus
474,474,1.0,26.1728515625,Parasaurolophus
474,329,1.4407294832826747,25.0029296875,Parasaurolophus
474,355,1.3352112676056338,50.998046875,Parasaurolophus
474,711,0.6666666666666666,51.94140625,Parasaurolophus
474,356,1.3314606741573034,34.2275390625,Parasaurolophus
474,355,1.3352112676056338,50.3115234375,Parasaurolophus
474,355,1.3352112676056338,34.134765625,Parasaurolophus
474,295,1.6067796610169491,32.654296875,Parasaurolophus
474,321,1.4766355140186915,48.615234375,Parasaurolophus
474,474,1.0,16.150390625,Parasaurolophus
474,316,1.5,22.4423828125,Parasaurolophus
474,425,1.1152941176470588,18.486328125,Parasaurolophus
474,355,1.3352112676056338,32.71484375,Parasaurolophus
474,698,0.6790830945558739,47.6884765625,Parasaurolophus
474,267,1.7752808988764044,22.98828125,Parasaurolophus
474,288,1.6458333333333333,29.322265625,Parasaurolophus
474,418,1.1339712918660287,25.0537109375,Parasaurolophus
474,474,1.0,44.3095703125,Parasaurolophus
474,474,1.0,26.9228515625,Parasaurolophus
474,269,1.762081784386617,8.4501953125,Parasaurolophus
474,355,1.3352112676056338,27.39453125,Parasaurolophus
474,261,1.8160919540229885,22.2578125,Parasaurolophus
474,338,1.4023668639053255,19.1181640625,Parasaurolophus
474,395,1.2,49.66796875,Parasaurolophus
474,474,1.0,27.4248046875,Parasaurolophus
474,474,1.0,56.2685546875,Parasaurolophus
474,300,1.58,26.91015625,Parasaurolophus
474,275,1.7236363636363636,21.962890625,Parasaurolophus
474,281,1.686832740213523,25.1298828125,Parasaurolophus
474,474,1.0,30.4248046875,Parasaurolophus
474,306,1.5490196078431373,18.623046875,Parasaurolophus
474,360,1.3166666666666667,39.318359375,Parasaurolophus
474,425,1.1152941176470588,21.244140625,Parasaurolophus
474,284,1.6690140845070423,21.4541015625,Parasaurolophus
474,261,1.8160919540229885,14.19921875,Parasaurolophus
474,506,0.9367588932806324,37.498046875,Parasaurolophus
474,266,1.781954887218045,32.08984375,Parasaurolophus
474,370,1.281081081081081,53.9423828125,Parasaurolophus
474,342,1.3859649122807018,32.8134765625,Parasaurolophus
474,333,1.4234234234234233,16.638671875,Parasaurolophus
474,355,1.3352112676056338,23.326171875,Parasaurolophus
474,267,1.7752808988764044,23.10546875,Parasaurolophus
474,316,1.5,61.4462890625,Parasaurolophus
474,486,0.9753086419753086,37.0390625,Parasaurolophus
474,249,1.9036144578313252,27.298828125,Parasaurolophus
474,248,1.9112903225806452,12.02734375,Parasaurolophus
474,474,1.0,21.2421875,Parasaurolophus
474,330,1.4363636363636363,17.681640625,Parasaurolophus
474,316,1.5,45.359375,Parasaurolophus
474,290,1.6344827586206896,29.0546875,Parasaurolophus
474,474,1.0,36.833984375,Parasaurolophus
474,474,1.0,39.0859375,Parasaurolophus
474,355,1.3352112676056338,48.7431640625,Parasaurolophus
474,474,1.0,21.099609375,Parasaurolophus
474,212,2.2358490566037736,11.1865234375,Parasaurolophus
474,474,1.0,19.46875,Parasaurolophus
474,454,1.0440528634361232,35.7568359375,Parasaurolophus
474,379,1.2506596306068603,34.5625,Parasaurolophus
474,266,1.781954887218045,14.2392578125,Parasaurolophus
474,407,1.1646191646191646,35.4169921875,Parasaurolophus
474,474,1.0,13.7265625,Parasaurolophus
474,304,1.5592105263157894,31.9736328125,Parasaurolophus
474,355,1.3352112676056338,11.287109375,Parasaurolophus
474,474,1.0,24.6728515625,Parasaurolophus
474,474,1.0,22.8544921875,Parasaurolophus
474,324,1.462962962962963,24.96875,Parasaurolophus
474,488,0.9713114754098361,61.822265625,Parasaurolophus
474,395,1.2,35.8486328125,Parasaurolophus
474,343,1.3819241982507289,21.37109375,Parasaurolophus
474,316,1.5,13.240234375,Parasaurolophus
474,369,1.2845528455284554,15.734375,Parasaurolophus
474,300,1.58,11.8515625,Parasaurolophus
474,355,1.3352112676056338,19.4482421875,Parasaurolophus
474,266,1.781954887218045,16.0302734375,Parasaurolophus
474,350,1.3542857142857143,40.50390625,Parasaurolophus
474,474,1.0,21.7568359375,Parasaurolophus
474,266,1.781954887218045,21.5751953125,Parasaurolophus
474,266,1.781954887218045,26.2529296875,Parasaurolophus
474,398,1.1909547738693467,19.6591796875,Parasaurolophus
474,315,1.5047619047619047,23.63671875,Parasaurolophus
474,316,1.5,18.20703125,Parasaurolophus
474,317,1.4952681388012619,26.3193359375,Parasaurolophus
474,401,1.1820448877805487,23.21484375,Parasaurolophus
474,355,1.3352112676056338,33.6416015625,Parasaurolophus
474,266,1.781954887218045,13.5966796875,Parasaurolophus
474,355,1.3352112676056338,59.9140625,Parasaurolophus
474,355,1.3352112676056338,13.3203125,Parasaurolophus
474,474,1.0,42.412109375,Parasaurolophus
474,355,1.3352112676056338,36.1669921875,Parasaurolophus
474,263,1.8022813688212929,39.7265625,Parasaurolophus
474,355,1.3352112676056338,24.12890625,Parasaurolophus
474,355,1.3352112676056338,11.201171875,Parasaurolophus
474,296,1.6013513513513513,15.6845703125,Parasaurolophus
474,284,1.6690140845070423,22.470703125,Parasaurolophus
474,355,1.3352112676056338,17.7802734375,Parasaurolophus
450,450,1.0,14.400390625,Parasaurolophus
474,191,2.481675392670157,22.2021484375,Parasaurolophus
474,379,1.2506596306068603,21.5556640625,Parasaurolophus
474,462,1.025974025974026,18.9345703125,Parasaurolophus
474,163,2.9079754601226995,16.037109375,Parasaurolophus
474,266,1.781954887218045,16.814453125,Parasaurolophus
474,266,1.781954887218045,20.83203125,Parasaurolophus
474,326,1.4539877300613497,44.93359375,Parasaurolophus
474,266,1.781954887218045,19.4775390625,Parasaurolophus
474,261,1.8160919540229885,12.1005859375,Parasaurolophus
474,342,1.3859649122807018,27.77734375,Parasaurolophus
474,266,1.781954887218045,30.6181640625,Parasaurolophus
474,256,1.8515625,13.3740234375,Parasaurolophus
474,358,1.324022346368715,16.83203125,Parasaurolophus
474,312,1.5192307692307692,20.0888671875,Parasaurolophus
474,266,1.781954887218045,17.947265625,Parasaurolophus
474,529,0.8960302457466919,51.39453125,Parasaurolophus
474,474,1.0,30.1943359375,Parasaurolophus
474,257,1.8443579766536966,23.9833984375,Parasaurolophus
474,319,1.4858934169278997,27.2880859375,Parasaurolophus
474,319,1.4858934169278997,33.4404296875,Parasaurolophus
474,400,1.185,43.6474609375,Parasaurolophus
474,523,0.9063097514340345,25.880859375,Parasaurolophus
474,266,1.781954887218045,16.6396484375,Parasaurolophus
474,366,1.2950819672131149,21.2666015625,Parasaurolophus
474,333,1.4234234234234233,19.5810546875,Parasaurolophus
474,316,1.5,24.287109375,Parasaurolophus
474,355,1.3352112676056338,47.9501953125,Parasaurolophus
474,333,1.4234234234234233,16.513671875,Parasaurolophus
474,401,1.1820448877805487,25.5654296875,Parasaurolophus
474,266,1.781954887218045,34.9697265625,Parasaurolophus
474,290,1.6344827586206896,15.9482421875,Parasaurolophus
474,210,2.257142857142857,13.3037109375,Parasaurolophus
474,349,1.3581661891117478,18.783203125,Parasaurolophus
474,421,1.1258907363420427,18.7724609375,Parasaurolophus
474,576,0.8229166666666666,32.5126953125,Parasaurolophus
474,474,1.0,18.265625,Parasaurolophus
474,374,1.267379679144385,35.5546875,Parasaurolophus
474,402,1.1791044776119404,23.109375,Parasaurolophus
474,266,1.781954887218045,13.2294921875,Parasaurolophus
474,248,1.9112903225806452,19.8095703125,Parasaurolophus
474,584,0.8116438356164384,48.0126953125,Parasaurolophus
474,405,1.1703703703703703,29.8212890625,Parasaurolophus
474,474,1.0,17.03125,Parasaurolophus
474,332,1.427710843373494,17.4462890625,Parasaurolophus
474,474,1.0,50.1943359375,Parasaurolophus
474,266,1.781954887218045,9.96875,Parasaurolophus
474,266,1.781954887218045,12.9365234375,Parasaurolophus
474,397,1.1939546599496222,32.9794921875,Parasaurolophus
474,289,1.6401384083044983,15.978515625,Parasaurolophus
474,321,1.4766355140186915,26.96484375,Parasaurolophus
474,333,1.4234234234234233,16.4912109375,Parasaurolophus
474,355,1.3352112676056338,41.0927734375,Parasaurolophus
474,711,0.6666666666666666,90.9873046875,Parasaurolophus
474,316,1.5,12.7216796875,Parasaurolophus
474,310,1.5290322580645161,17.775390625,Parasaurolophus
474,474,1.0,41.6015625,Parasaurolophus
474,293,1.6177474402730376,20.4990234375,Parasaurolophus
474,266,1.781954887218045,13.4814453125,Parasaurolophus
474,304,1.5592105263157894,20.642578125,Parasaurolophus
474,506,0.9367588932806324,24.6982421875,Parasaurolophus
474,372,1.2741935483870968,21.412109375,Parasaurolophus
474,236,2.0084745762711864,13.9892578125,Parasaurolophus
474,256,1.8515625,11.568359375,Parasaurolophus
474,379,1.2506596306068603,18.8525390625,Parasaurolophus
474,357,1.3277310924369747,25.0693359375,Parasaurolophus
474,463,1.0237580993520519,60.1669921875,Parasaurolophus
474,302,1.5695364238410596,24.1162109375,Parasaurolophus
474,333,1.4234234234234233,16.6767578125,Parasaurolophus
474,335,1.4149253731343283,23.15234375,Parasaurolophus
474,397,1.1939546599496222,20.5087890625,Parasaurolophus
474,316,1.5,22.4697265625,Parasaurolophus
474,361,1.3130193905817173,19.9560546875,Parasaurolophus
474,370,1.281081081081081,13.48828125,Parasaurolophus
474,474,1.0,25.748046875,Parasaurolophus
474,474,1.0,58.10546875,Parasaurolophus
467,760,0.6144736842105263,41.6630859375,Parasaurolophus
474,355,1.3352112676056338,27.5673828125,Stegosaurus
474,663,0.7149321266968326,26.2099609375,Stegosaurus
474,273,1.7362637362637363,18.345703125,Stegosaurus
474,474,1.0,25.2744140625,Stegosaurus
474,316,1.5,20.1669921875,Stegosaurus
474,355,1.3352112676056338,57.01171875,Stegosaurus
474,474,1.0,23.5185546875,Stegosaurus
474,256,1.8515625,18.650390625,Stegosaurus
474,256,1.8515625,17.8076171875,Stegosaurus
474,266,1.781954887218045,21.552734375,Stegosaurus
474,389,1.218508997429306,28.0849609375,Stegosaurus
474,316,1.5,22.55859375,Stegosaurus
474,474,1.0,35.71484375,Stegosaurus
474,532,0.8909774436090225,45.0751953125,Stegosaurus
474,255,1.8588235294117648,29.6181640625,Stegosaurus
474,281,1.686832740213523,26.2158203125,Stegosaurus
474,351,1.3504273504273505,49.0537109375,Stegosaurus
474,240,1.975,17.8095703125,Stegosaurus
474,316,1.5,25.2822265625,Stegosaurus
474,338,1.4023668639053255,31.2666015625,Stegosaurus
474,316,1.5,36.095703125,Stegosaurus
474,266,1.781954887218045,12.232421875,Stegosaurus
474,663,0.7149321266968326,26.041015625,Stegosaurus
474,355,1.3352112676056338,16.6376953125,Stegosaurus
474,335,1.4149253731343283,22.6142578125,Stegosaurus
474,236,2.0084745762711864,22.9169921875,Stegosaurus
474,474,1.0,28.078125,Stegosaurus
474,262,1.8091603053435115,20.1357421875,Stegosaurus
474,237,2.0,21.6787109375,Stegosaurus
474,268,1.7686567164179106,14.84765625,Stegosaurus
474,312,1.5192307692307692,21.0185546875,Stegosaurus
474,207,2.289855072463768,15.8017578125,Stegosaurus
474,275,1.7236363636363636,17.2783203125,Stegosaurus
474,345,1.373913043478261,21.15234375,Stegosaurus
474,474,1.0,38.837890625,Stegosaurus
474,316,1.5,11.86328125,Stegosaurus
474,474,1.0,46.5576171875,Stegosaurus
474,352,1.3465909090909092,21.2109375,Stegosaurus
474,410,1.1560975609756097,52.4873046875,Stegosaurus
474,266,1.781954887218045,54.162109375,Stegosaurus
474,513,0.9239766081871345,36.00390625,Stegosaurus
474,252,1.880952380952381,15.3583984375,Stegosaurus
474,266,1.781954887218045,30.4765625,Stegosaurus
474,312,1.5192307692307692,23.2294921875,Stegosaurus
474,316,1.5,52.6396484375,Stegosaurus
474,222,2.135135135135135,15.4052734375,Stegosaurus
474,632,0.75,56.1611328125,Stegosaurus
474,337,1.4065281899109792,26.162109375,Stegosaurus
474,305,1.5540983606557377,16.017578125,Stegosaurus
474,266,1.781954887218045,17.13671875,Stegosaurus
474,284,1.6690140845070423,27.115234375,Stegosaurus
474,315,1.5047619047619047,24.2724609375,Stegosaurus
474,269,1.762081784386617,15.9482421875,Stegosaurus
474,266,1.781954887218045,11.0888671875,Stegosaurus
457,566,0.8074204946996466,61.4267578125,Stegosaurus
474,474,1.0,27.0673828125,Stegosaurus
474,316,1.5,21.107421875,Stegosaurus
474,332,1.427710843373494,25.2099609375,Stegosaurus
474,321,1.4766355140186915,57.6953125,Stegosaurus
474,474,1.0,34.1669921875,Stegosaurus
474,355,1.3352112676056338,36.138671875,Stegosaurus
474,405,1.1703703703703703,42.4990234375,Stegosaurus
474,355,1.3352112676056338,45.8291015625,Stegosaurus
474,266,1.781954887218045,34.96484375,Stegosaurus
474,506,0.9367588932806324,28.7265625,Stegosaurus
352,350,1.0057142857142858,14.4697265625,Stegosaurus
474,474,1.0,15.572265625,Stegosaurus
474,345,1.373913043478261,26.0068359375,Stegosaurus
474,220,2.1545454545454548,14.88671875,Stegosaurus
474,342,1.3859649122807018,46.515625,Stegosaurus
474,257,1.8443579766536966,19.24609375,Stegosaurus
474,355,1.3352112676056338,22.1865234375,Stegosaurus
474,355,1.3352112676056338,24.9814453125,Stegosaurus
474,474,1.0,26.2900390625,Stegosaurus
474,316,1.5,20.1572265625,Stegosaurus
474,474,1.0,58.779296875,Stegosaurus
474,347,1.3659942363112392,27.98828125,Stegosaurus
474,395,1.2,21.7060546875,Stegosaurus
474,382,1.2408376963350785,22.5712890625,Stegosaurus
474,309,1.5339805825242718,24.857421875,Stegosaurus
474,314,1.5095541401273886,24.6455078125,Stegosaurus
474,397,1.1939546599496222,45.8720703125,Stegosaurus
474,474,1.0,24.0166015625,Stegosaurus
474,266,1.781954887218045,18.923828125,Stegosaurus
474,295,1.6067796610169491,32.568359375,Stegosaurus
474,316,1.5,46.9365234375,Stegosaurus
474,266,1.781954887218045,32.197265625,Stegosaurus
474,341,1.3900293255131966,33.6318359375,Stegosaurus
474,296,1.6013513513513513,27.0869140625,Stegosaurus
474,358,1.324022346368715,24.3359375,Stegosaurus
474,474,1.0,23.7548828125,Stegosaurus
474,355,1.3352112676056338,36.041015625,Stegosaurus
474,296,1.6013513513513513,46.892578125,Stegosaurus
474,360,1.3166666666666667,23.2373046875,Stegosaurus
474,474,1.0,31.2080078125,Stegosaurus
474,306,1.5490196078431373,41.3251953125,Stegosaurus
306,204,1.5,9.1298828125,Stegosaurus
474,307,1.5439739413680782,33.0556640625,Stegosaurus
474,349,1.3581661891117478,51.056640625,Stegosaurus
474,355,1.3352112676056338,34.1591796875,Stegosaurus
474,255,1.8588235294117648,30.3525390625,Stegosaurus
474,328,1.4451219512195121,41.7138671875,Stegosaurus
474,474,1.0,30.1689453125,Stegosaurus
474,295,1.6067796610169491,23.603515625,Stegosaurus
474,266,1.781954887218045,35.3603515625,Stegosaurus
474,315,1.5047619047619047,19.16015625,Stegosaurus
474,474,1.0,21.6328125,Stegosaurus
474,316,1.5,22.6025390625,Stegosaurus
474,266,1.781954887218045,33.5263671875,Stegosaurus
474,266,1.781954887218045,29.6357421875,Stegosaurus
474,315,1.5047619047619047,33.462890625,Stegosaurus
474,266,1.781954887218045,25.79296875,Stegosaurus
474,474,1.0,69.2919921875,Stegosaurus
474,411,1.1532846715328466,47.1796875,Stegosaurus
474,316,1.5,42.150390625,Stegosaurus
474,329,1.4407294832826747,26.7275390625,Stegosaurus
474,266,1.781954887218045,23.2880859375,Stegosaurus
474,316,1.5,22.2060546875,Stegosaurus
474,257,1.8443579766536966,19.017578125,Stegosaurus
474,237,2.0,16.759765625,Stegosaurus
474,335,1.4149253731343283,41.3544921875,Stegosaurus
474,240,1.975,21.3515625,Stegosaurus
474,237,2.0,24.0263671875,Stegosaurus
474,506,0.9367588932806324,29.5068359375,Stegosaurus
474,355,1.3352112676056338,30.2578125,Stegosaurus
474,385,1.2311688311688311,73.1953125,Stegosaurus
474,315,1.5047619047619047,29.0986328125,Stegosaurus
474,345,1.373913043478261,20.7978515625,Stegosaurus
474,316,1.5,23.7353515625,Stegosaurus
474,236,2.0084745762711864,23.1923828125,Stegosaurus
474,474,1.0,39.9130859375,Stegosaurus
474,295,1.6067796610169491,32.5966796875,Stegosaurus
474,355,1.3352112676056338,48.8154296875,Stegosaurus
474,511,0.9275929549902152,48.1484375,Stegosaurus
474,266,1.781954887218045,31.572265625,Stegosaurus
474,474,1.0,29.5771484375,Stegosaurus
474,284,1.6690140845070423,30.3447265625,Stegosaurus
474,294,1.6122448979591837,18.267578125,Stegosaurus
474,274,1.72992700729927,21.8232421875,Stegosaurus
474,379,1.2506596306068603,32.908203125,Stegosaurus
474,300,1.58,28.9296875,Stegosaurus
474,223,2.125560538116592,27.984375,Stegosaurus
474,316,1.5,41.0576171875,Stegosaurus
474,278,1.7050359712230216,18.494140625,Stegosaurus
474,266,1.781954887218045,37.8525390625,Stegosaurus
474,474,1.0,32.4814453125,Stegosaurus
474,404,1.1732673267326732,23.4365234375,Stegosaurus
474,253,1.8735177865612649,24.1845703125,Trex
474,355,1.3352112676056338,36.728515625,Trex
474,268,1.7686567164179106,16.80078125,Trex
474,266,1.781954887218045,10.6875,Trex
474,236,2.0084745762711864,23.271484375,Trex
474,316,1.5,33.3896484375,Trex
474,355,1.3352112676056338,18.8955078125,Trex
474,237,2.0,14.193359375,Trex
474,266,1.781954887218045,29.9140625,Trex
474,266,1.781954887218045,9.1787109375,Trex
474,710,0.6676056338028169,50.20703125,Trex
474,316,1.5,23.34375,Trex
474,474,1.0,24.1435546875,Trex
474,338,1.4023668639053255,34.2138671875,Trex
474,325,1.4584615384615385,26.21484375,Trex
474,474,1.0,45.849609375,Trex
474,628,0.7547770700636943,60.9453125,Trex
474,303,1.5643564356435644,27.8876953125,Trex
474,296,1.6013513513513513,31.2802734375,Trex
474,710,0.6676056338028169,38.65234375,Trex
474,316,1.5,25.826171875,Trex
474,307,1.5439739413680782,19.3779296875,Trex
474,440,1.0772727272727274,17.326171875,Trex
474,248,1.9112903225806452,23.64453125,Trex
474,474,1.0,27.1962890625,Trex
474,357,1.3277310924369747,38.8984375,Trex
474,355,1.3352112676056338,29.6962890625,Trex
474,266,1.781954887218045,12.619140625,Trex
474,266,1.781954887218045,30.6015625,Trex
474,266,1.781954887218045,27.61328125,Trex
474,429,1.1048951048951048,19.611328125,Trex
474,963,0.49221183800623053,56.0419921875,Trex
474,474,1.0,12.9794921875,Trex
474,307,1.5439739413680782,18.2373046875,Trex
474,474,1.0,21.0654296875,Trex
474,474,1.0,26.2841796875,Trex
474,315,1.5047619047619047,28.603515625,Trex
474,461,1.0281995661605206,26.453125,Trex
474,266,1.781954887218045,33.8984375,Trex
474,315,1.5047619047619047,41.36328125,Trex
474,474,1.0,24.99609375,Trex
474,266,1.781954887218045,26.02734375,Trex
474,474,1.0,32.7705078125,Trex
474,568,0.8345070422535211,29.427734375,Trex
474,355,1.3352112676056338,32.6220703125,Trex
474,266,1.781954887218045,34.51171875,Trex
474,346,1.369942196531792,35.572265625,Trex
474,266,1.781954887218045,28.626953125,Trex
474,238,1.9915966386554622,13.4970703125,Trex
474,355,1.3352112676056338,39.2958984375,Trex
474,335,1.4149253731343283,48.455078125,Trex
474,199,2.3819095477386933,12.0986328125,Trex
474,316,1.5,31.923828125,Trex
474,267,1.7752808988764044,8.498046875,Trex
474,302,1.5695364238410596,26.80859375,Trex
474,356,1.3314606741573034,18.7392578125,Trex
474,260,1.823076923076923,24.3994140625,Trex
474,486,0.9753086419753086,34.2763671875,Trex
474,474,1.0,13.244140625,Trex
474,474,1.0,32.1181640625,Trex
474,266,1.781954887218045,12.7255859375,Trex
474,474,1.0,41.837890625,Trex
474,527,0.8994307400379506,55.9423828125,Trex
474,458,1.034934497816594,30.029296875,Trex
474,456,1.0394736842105263,24.4833984375,Trex
474,474,1.0,32.18359375,Trex
474,474,1.0,21.3154296875,Trex
474,267,1.7752808988764044,36.1416015625,Trex
474,314,1.5095541401273886,25.0927734375,Trex
474,336,1.4107142857142858,36.953125,Trex
474,355,1.3352112676056338,13.16796875,Trex
474,335,1.4149253731343283,19.5263671875,Trex
474,266,1.781954887218045,18.6044921875,Trex
474,316,1.5,22.3798828125,Trex
474,237,2.0,28.5576171875,Trex
474,355,1.3352112676056338,39.3935546875,Trex
474,395,1.2,28.4765625,Trex
474,474,1.0,28.7490234375,Trex
474,433,1.094688221709007,36.5439453125,Trex
474,474,1.0,43.123046875,Trex
474,568,0.8345070422535211,68.349609375,Trex
474,474,1.0,42.2744140625,Trex
474,339,1.3982300884955752,28.4404296875,Trex
474,247,1.9190283400809716,14.2587890625,Trex
474,315,1.5047619047619047,27.88671875,Trex
474,420,1.1285714285714286,64.5498046875,Trex
474,315,1.5047619047619047,35.4375,Trex
474,355,1.3352112676056338,62.427734375,Trex
474,474,1.0,40.78515625,Trex
474,627,0.7559808612440191,59.939453125,Trex
474,266,1.781954887218045,45.5107421875,Trex
474,284,1.6690140845070423,13.037109375,Trex
474,474,1.0,35.81640625,Trex
474,335,1.4149253731343283,18.939453125,Trex
474,266,1.781954887218045,13.341796875,Trex
474,474,1.0,31.982421875,Trex
474,355,1.3352112676056338,49.3623046875,Trex
474,474,1.0,37.513671875,Trex
474,266,1.781954887218045,39.267578125,Trex
474,404,1.1732673267326732,23.2890625,Trex
474,533,0.8893058161350844,29.8388671875,Trex
474,296,1.6013513513513513,16.2451171875,Trex
474,329,1.4407294832826747,18.474609375,Trex
474,266,1.781954887218045,23.0322265625,Trex
474,266,1.781954887218045,26.9169921875,Trex
474,254,1.8661417322834646,15.2783203125,Trex
474,335,1.4149253731343283,18.7392578125,Trex
474,354,1.3389830508474576,15.400390625,Trex
474,444,1.0675675675675675,18.7119140625,Trex
474,355,1.3352112676056338,30.76953125,Trex
474,316,1.5,15.8759765625,Trex
474,248,1.9112903225806452,19.4697265625,Trex
474,316,1.5,26.333984375,Trex
474,462,1.025974025974026,52.7451171875,Trex
474,266,1.781954887218045,25.859375,Trex
474,266,1.781954887218045,23.1357421875,Trex
474,337,1.4065281899109792,13.703125,Trex
474,266,1.781954887218045,22.640625,Trex
474,592,0.8006756756756757,49.6640625,Trex
474,474,1.0,39.048828125,Trex
474,266,1.781954887218045,23.037109375,Trex
474,266,1.781954887218045,33.80078125,Trex
474,474,1.0,30.6708984375,Trex
474,266,1.781954887218045,14.6318359375,Trex
474,315,1.5047619047619047,29.7568359375,Trex
474,355,1.3352112676056338,24.7548828125,Trex
474,474,1.0,28.28515625,Trex
474,379,1.2506596306068603,60.900390625,Trex
474,315,1.5047619047619047,28.470703125,Trex
474,296,1.6013513513513513,35.9384765625,Trex
474,414,1.144927536231884,38.03515625,Trex
474,298,1.5906040268456376,24.5986328125,Trex
474,322,1.4720496894409938,22.123046875,Trex
474,244,1.9426229508196722,37.6708984375,Trex
474,474,1.0,51.140625,Trex
474,266,1.781954887218045,15.9287109375,Trex
474,355,1.3352112676056338,35.876953125,Trex
474,265,1.788679245283019,24.4990234375,Trex
474,296,1.6013513513513513,15.8310546875,Trex
474,229,2.069868995633188,13.4912109375,Trex
474,311,1.5241157556270097,27.1259765625,Trex
474,316,1.5,32.7509765625,Trex
474,260,1.823076923076923,14.7734375,Trex
474,331,1.43202416918429,43.3046875,Trex
474,316,1.5,31.0390625,Trex
474,474,1.0,20.9375,Trex
474,315,1.5047619047619047,19.2236328125,Trex
474,372,1.2741935483870968,20.865234375,Trex
474,474,1.0,45.681640625,Trex
474,266,1.781954887218045,19.3818359375,Trex
474,248,1.9112903225806452,24.55078125,Trex
474,474,1.0,39.5986328125,Triceratops
474,265,1.788679245283019,18.9609375,Triceratops
474,304,1.5592105263157894,42.740234375,Triceratops
474,342,1.3859649122807018,34.8466796875,Triceratops
474,734,0.6457765667574932,79.1015625,Triceratops
474,388,1.2216494845360826,61.1005859375,Triceratops
474,338,1.4023668639053255,26.5068359375,Triceratops
474,270,1.7555555555555555,19.0986328125,Triceratops
474,285,1.6631578947368422,23.11328125,Triceratops
474,474,1.0,28.4443359375,Triceratops
474,397,1.1939546599496222,23.7353515625,Triceratops
474,474,1.0,32.3134765625,Triceratops
474,316,1.5,24.5615234375,Triceratops
474,355,1.3352112676056338,22.142578125,Triceratops
474,269,1.762081784386617,26.4052734375,Triceratops
474,359,1.3203342618384402,29.59375,Triceratops
474,335,1.4149253731343283,21.865234375,Triceratops
474,500,0.948,26.4580078125,Triceratops
474,263,1.8022813688212929,13.119140625,Triceratops
474,266,1.781954887218045,13.9384765625,Triceratops
474,404,1.1732673267326732,22.0,Triceratops
474,472,1.0042372881355932,24.4296875,Triceratops
474,270,1.7555555555555555,17.828125,Triceratops
474,449,1.0556792873051224,25.568359375,Triceratops
474,315,1.5047619047619047,25.0205078125,Triceratops
474,316,1.5,44.798828125,Triceratops
474,316,1.5,15.5224609375,Triceratops
474,474,1.0,28.2109375,Triceratops
474,315,1.5047619047619047,16.095703125,Triceratops
474,316,1.5,21.427734375,Triceratops
474,370,1.281081081081081,33.7041015625,Triceratops
474,315,1.5047619047619047,19.4482421875,Triceratops
474,265,1.788679245283019,22.087890625,Triceratops
474,474,1.0,26.0107421875,Triceratops
474,315,1.5047619047619047,16.3408203125,Triceratops
474,340,1.3941176470588235,31.7314453125,Triceratops
474,244,1.9426229508196722,31.869140625,Triceratops
474,266,1.781954887218045,18.6376953125,Triceratops
474,355,1.3352112676056338,36.7900390625,Triceratops
474,506,0.9367588932806324,37.4345703125,Triceratops
474,213,2.2253521126760565,16.2109375,Triceratops
474,383,1.237597911227154,49.77734375,Triceratops
474,506,0.9367588932806324,14.4072265625,Triceratops
474,474,1.0,26.8251953125,Triceratops
474,338,1.4023668639053255,33.7802734375,Triceratops
474,316,1.5,51.0810546875,Triceratops
474,266,1.781954887218045,19.3583984375,Triceratops
474,474,1.0,48.1416015625,Triceratops
474,474,1.0,21.1201171875,Triceratops
474,266,1.781954887218045,30.154296875,Triceratops
474,384,1.234375,43.025390625,Triceratops
474,355,1.3352112676056338,26.6904296875,Triceratops
474,370,1.281081081081081,31.591796875,Triceratops
474,194,2.443298969072165,15.59375,Triceratops
474,354,1.3389830508474576,56.580078125,Triceratops
474,316,1.5,39.8984375,Triceratops
474,321,1.4766355140186915,48.0205078125,Triceratops
474,237,2.0,19.3740234375,Triceratops
474,284,1.6690140845070423,37.4482421875,Triceratops
474,316,1.5,34.482421875,Triceratops
474,316,1.5,14.82421875,Triceratops
474,474,1.0,42.015625,Triceratops
474,388,1.2216494845360826,16.1181640625,Triceratops
474,474,1.0,34.951171875,Triceratops
474,266,1.781954887218045,10.353515625,Triceratops
474,256,1.8515625,32.005859375,Triceratops
474,413,1.1476997578692494,24.072265625,Triceratops
474,367,1.2915531335149864,24.6044921875,Triceratops
474,266,1.781954887218045,32.0283203125,Triceratops
474,213,2.2253521126760565,20.7958984375,Triceratops
474,474,1.0,19.119140625,Triceratops
474,493,0.9614604462474645,32.2275390625,Triceratops
474,497,0.9537223340040242,49.5537109375,Triceratops
474,266,1.781954887218045,21.3095703125,Triceratops
474,663,0.7149321266968326,41.2646484375,Triceratops
474,613,0.7732463295269169,44.8271484375,Triceratops
474,344,1.377906976744186,30.1787109375,Triceratops
474,266,1.781954887218045,16.5244140625,Triceratops
474,667,0.7106446776611695,47.3642578125,Triceratops
474,266,1.781954887218045,38.2451171875,Triceratops
474,296,1.6013513513513513,42.1435546875,Triceratops
474,275,1.7236363636363636,17.4658203125,Triceratops
474,243,1.9506172839506173,10.6416015625,Triceratops
474,379,1.2506596306068603,40.8330078125,Triceratops
474,609,0.7783251231527094,40.201171875,Triceratops
474,316,1.5,23.3408203125,Triceratops
474,379,1.2506596306068603,25.1630859375,Triceratops
474,342,1.3859649122807018,26.9384765625,Triceratops
474,295,1.6067796610169491,32.4306640625,Triceratops
474,314,1.5095541401273886,16.9609375,Triceratops
474,275,1.7236363636363636,21.322265625,Triceratops
474,292,1.6232876712328768,24.6474609375,Triceratops
474,266,1.781954887218045,38.060546875,Triceratops
474,355,1.3352112676056338,18.62109375,Triceratops
474,474,1.0,19.8525390625,Triceratops
474,316,1.5,12.9775390625,Triceratops
474,270,1.7555555555555555,22.7265625,Triceratops
474,266,1.781954887218045,10.84765625,Triceratops
474,474,1.0,45.658203125,Triceratops
474,256,1.8515625,31.435546875,Triceratops
474,474,1.0,23.322265625,Triceratops
474,316,1.5,15.9580078125,Triceratops
474,219,2.164383561643836,15.3017578125,Triceratops
474,289,1.6401384083044983,25.21484375,Triceratops
474,270,1.7555555555555555,30.380859375,Triceratops
474,355,1.3352112676056338,21.111328125,Triceratops
474,355,1.3352112676056338,19.0380859375,Triceratops
474,296,1.6013513513513513,19.654296875,Triceratops
474,277,1.711191335740072,35.3212890625,Triceratops
474,189,2.507936507936508,14.916015625,Triceratops
474,335,1.4149253731343283,30.685546875,Triceratops
474,474,1.0,10.640625,Triceratops
474,316,1.5,16.8642578125,Triceratops
474,419,1.1312649164677804,31.009765625,Triceratops
474,474,1.0,19.2314453125,Triceratops
474,399,1.1879699248120301,38.08984375,Triceratops
474,237,2.0,17.1806640625,Triceratops
474,256,1.8515625,32.599609375,Triceratops
474,428,1.1074766355140186,20.7353515625,Triceratops
474,612,0.7745098039215687,34.314453125,Triceratops
474,237,2.0,14.193359375,Triceratops
474,474,1.0,25.099609375,Triceratops
474,355,1.3352112676056338,30.67578125,Triceratops
474,474,1.0,41.1201171875,Triceratops
474,355,1.3352112676056338,39.19140625,Triceratops
474,357,1.3277310924369747,36.005859375,Triceratops
474,438,1.082191780821918,29.3505859375,Triceratops
474,473,1.0021141649048626,31.4580078125,Triceratops
474,398,1.1909547738693467,57.0078125,Triceratops
474,391,1.2122762148337596,30.7177734375,Triceratops
474,474,1.0,25.1552734375,Triceratops
474,379,1.2506596306068603,30.0927734375,Triceratops
474,315,1.5047619047619047,32.015625,Triceratops
474,224,2.1160714285714284,7.3291015625,Triceratops
474,308,1.5389610389610389,14.8857421875,Triceratops
474,388,1.2216494845360826,19.6884765625,Triceratops
474,355,1.3352112676056338,58.51953125,Triceratops
474,474,1.0,30.5869140625,Triceratops
474,412,1.1504854368932038,45.8046875,Triceratops
474,474,1.0,19.595703125,Triceratops
474,474,1.0,24.1083984375,Triceratops
474,320,1.48125,19.193359375,Triceratops
474,474,1.0,44.5693359375,Triceratops
474,266,1.781954887218045,26.537109375,Triceratops
474,285,1.6631578947368422,19.869140625,Triceratops
474,359,1.3203342618384402,29.3271484375,Triceratops
474,266,1.781954887218045,17.4619140625,Triceratops
474,253,1.8735177865612649,21.4755859375,Triceratops
474,338,1.4023668639053255,20.9755859375,Triceratops
474,450,1.0533333333333332,25.9140625,Triceratops
474,266,1.781954887218045,20.9375,Triceratops
474,507,0.9349112426035503,40.7109375,Triceratops
474,266,1.781954887218045,16.34375,Triceratops
474,315,1.5047619047619047,40.123046875,Triceratops
474,474,1.0,64.888671875,Triceratops
474,288,1.6458333333333333,31.373046875,Triceratops
474,270,1.7555555555555555,19.103515625,Triceratops
474,266,1.781954887218045,20.787109375,Triceratops
474,264,1.7954545454545454,30.3291015625,Triceratops
474,270,1.7555555555555555,31.083984375,Triceratops
474,331,1.43202416918429,26.138671875,Triceratops
474,300,1.58,23.1689453125,Triceratops
474,474,1.0,21.7265625,Triceratops
474,278,1.7050359712230216,17.685546875,Triceratops
474,266,1.781954887218045,18.42578125,Triceratops
474,324,1.462962962962963,41.25390625,Triceratops
474,314,1.5095541401273886,26.7578125,Triceratops
474,183,2.5901639344262297,15.2890625,Triceratops
474,316,1.5,43.4697265625,Triceratops
474,285,1.6631578947368422,23.2744140625,Triceratops
474,381,1.2440944881889764,40.2900390625,Triceratops
474,332,1.427710843373494,21.4794921875,Triceratops
474,355,1.3352112676056338,28.7041015625,Triceratops
474,290,1.6344827586206896,33.0654296875,Triceratops
474,308,1.5389610389610389,38.2490234375,Triceratops
474,263,1.8022813688212929,13.1689453125,Triceratops
474,379,1.2506596306068603,38.423828125,Triceratops
474,266,1.781954887218045,26.1826171875,Triceratops
474,256,1.8515625,27.8212890625,Triceratops
474,474,1.0,20.796875,Triceratops
474,309,1.5339805825242718,32.1884765625,Triceratops
474,266,1.781954887218045,12.9755859375,Triceratops
474,312,1.5192307692307692,21.81640625,Triceratops
474,266,1.781954887218045,39.40234375,Triceratops
474,266,1.781954887218045,15.84765625,Triceratops
474,386,1.2279792746113989,36.9580078125,Triceratops
474,337,1.4065281899109792,23.7373046875,Triceratops
474,337,1.4065281899109792,23.5556640625,Triceratops
474,316,1.5,33.97265625,Triceratops
474,316,1.5,25.806640625,Triceratops
474,315,1.5047619047619047,28.23046875,Triceratops
474,474,1.0,37.1591796875,Triceratops
474,335,1.4149253731343283,22.494140625,Triceratops
474,460,1.0304347826086957,35.421875,Triceratops
474,422,1.1232227488151658,28.7529296875,Triceratops
474,316,1.5,27.8251953125,Triceratops
474,222,2.135135135135135,14.8427734375,Triceratops
474,474,1.0,27.220703125,Triceratops
474,474,1.0,34.228515625,Triceratops
474,258,1.8372093023255813,13.9619140625,Triceratops
474,266,1.781954887218045,14.767578125,Triceratops
474,399,1.1879699248120301,26.865234375,Triceratops
474,363,1.3057851239669422,40.52734375,Triceratops
474,316,1.5,22.39453125,Triceratops
474,632,0.75,43.7646484375,Triceratops
474,492,0.9634146341463414,32.703125,Velociraptor
474,266,1.781954887218045,25.927734375,Velociraptor
474,474,1.0,37.1943359375,Velociraptor
474,373,1.2707774798927614,30.6513671875,Velociraptor
474,266,1.781954887218045,22.4365234375,Velociraptor
474,266,1.781954887218045,32.0439453125,Velociraptor
474,282,1.6808510638297873,28.69140625,Velociraptor
474,351,1.3504273504273505,43.3369140625,Velociraptor
474,254,1.8661417322834646,13.4189453125,Velociraptor
474,506,0.9367588932806324,19.640625,Velociraptor
474,315,1.5047619047619047,19.783203125,Velociraptor
474,473,1.0021141649048626,29.3623046875,Velociraptor
474,474,1.0,25.44921875,Velociraptor
474,266,1.781954887218045,36.37109375,Velociraptor
474,474,1.0,55.6484375,Velociraptor
474,474,1.0,31.455078125,Velociraptor
474,316,1.5,21.0673828125,Velociraptor
474,474,1.0,25.5537109375,Velociraptor
474,330,1.4363636363636363,21.1787109375,Velociraptor
474,555,0.8540540540540541,42.009765625,Velociraptor
474,474,1.0,30.8427734375,Velociraptor
474,266,1.781954887218045,31.935546875,Velociraptor
474,414,1.144927536231884,24.138671875,Velociraptor
474,254,1.8661417322834646,16.6923828125,Velociraptor
474,382,1.2408376963350785,28.4306640625,Velociraptor
474,296,1.6013513513513513,29.7783203125,Velociraptor
474,521,0.9097888675623801,26.7119140625,Velociraptor
474,312,1.5192307692307692,13.3662109375,Velociraptor
474,355,1.3352112676056338,31.7021484375,Velociraptor
474,237,2.0,18.048828125,Velociraptor
474,237,2.0,18.80078125,Velociraptor
474,316,1.5,24.880859375,Velociraptor
474,474,1.0,19.0107421875,Velociraptor
474,264,1.7954545454545454,31.1064453125,Velociraptor
474,474,1.0,33.6181640625,Velociraptor
474,474,1.0,24.0439453125,Velociraptor
474,323,1.4674922600619196,12.3212890625,Velociraptor
474,354,1.3389830508474576,36.8046875,Velociraptor
474,150,3.16,7.5263671875,Velociraptor
474,296,1.6013513513513513,15.94140625,Velociraptor
474,210,2.257142857142857,16.521484375,Velociraptor
474,266,1.781954887218045,9.666015625,Velociraptor
474,266,1.781954887218045,10.7392578125,Velociraptor
474,248,1.9112903225806452,10.5205078125,Velociraptor
474,266,1.781954887218045,20.8681640625,Velociraptor
474,474,1.0,67.0859375,Velociraptor
474,316,1.5,28.6982421875,Velociraptor
474,289,1.6401384083044983,20.4296875,Velociraptor
474,474,1.0,21.8525390625,Velociraptor
474,266,1.781954887218045,21.5380859375,Velociraptor
474,266,1.781954887218045,29.58984375,Velociraptor
474,474,1.0,67.671875,Velociraptor
474,474,1.0,23.80078125,Velociraptor
474,467,1.0149892933618843,21.830078125,Velociraptor
474,338,1.4023668639053255,14.4892578125,Velociraptor
474,548,0.864963503649635,44.3662109375,Velociraptor
474,319,1.4858934169278997,20.970703125,Velociraptor
474,335,1.4149253731343283,38.3896484375,Velociraptor
474,237,2.0,18.775390625,Velociraptor
474,374,1.267379679144385,16.6806640625,Velociraptor
474,316,1.5,21.7109375,Velociraptor
474,474,1.0,19.728515625,Velociraptor
474,555,0.8540540540540541,33.271484375,Velociraptor
474,266,1.781954887218045,19.1689453125,Velociraptor
474,352,1.3465909090909092,17.8037109375,Velociraptor
474,266,1.781954887218045,27.474609375,Velociraptor
474,474,1.0,43.54296875,Velociraptor
474,474,1.0,16.072265625,Velociraptor
474,331,1.43202416918429,36.734375,Velociraptor
474,398,1.1909547738693467,18.138671875,Velociraptor
474,276,1.7173913043478262,14.333984375,Velociraptor
474,388,1.2216494845360826,48.4521484375,Velociraptor
474,355,1.3352112676056338,15.6357421875,Velociraptor
474,441,1.0748299319727892,43.876953125,Velociraptor
474,333,1.4234234234234233,37.234375,Velociraptor
474,549,0.8633879781420765,31.8115234375,Velociraptor
474,266,1.781954887218045,26.697265625,Velociraptor
474,397,1.1939546599496222,33.42578125,Velociraptor
474,348,1.3620689655172413,33.1572265625,Velociraptor
474,355,1.3352112676056338,13.2626953125,Velociraptor
474,316,1.5,18.419921875,Velociraptor
474,473,1.0021141649048626,54.52734375,Velociraptor
474,474,1.0,10.953125,Velociraptor
474,265,1.788679245283019,39.7177734375,Velociraptor
474,381,1.2440944881889764,26.9970703125,Velociraptor
474,474,1.0,49.2841796875,Velociraptor
474,355,1.3352112676056338,12.953125,Velociraptor
474,622,0.7620578778135049,52.720703125,Velociraptor
474,257,1.8443579766536966,23.3056640625,Velociraptor
474,267,1.7752808988764044,24.2421875,Velociraptor
474,335,1.4149253731343283,17.3779296875,Velociraptor
474,895,0.529608938547486,65.712890625,Velociraptor
474,432,1.0972222222222223,22.7529296875,Velociraptor
474,449,1.0556792873051224,22.3388671875,Velociraptor
474,323,1.4674922600619196,26.5234375,Velociraptor
474,253,1.8735177865612649,13.78125,Velociraptor
474,242,1.9586776859504131,9.8935546875,Velociraptor
474,474,1.0,24.6376953125,Velociraptor
474,474,1.0,18.720703125,Velociraptor
474,252,1.880952380952381,23.6201171875,Velociraptor
474,474,1.0,20.064453125,Velociraptor
474,369,1.2845528455284554,19.94140625,Velociraptor
474,266,1.781954887218045,26.0908203125,Velociraptor
474,474,1.0,25.03515625,Velociraptor
474,474,1.0,24.8408203125,Velociraptor
474,316,1.5,30.896484375,Velociraptor
474,266,1.781954887218045,20.15234375,Velociraptor
474,381,1.2440944881889764,26.9970703125,Velociraptor
474,268,1.7686567164179106,15.724609375,Velociraptor
474,379,1.2506596306068603,35.2470703125,Velociraptor
474,266,1.781954887218045,9.4873046875,Velociraptor
474,323,1.4674922600619196,11.5322265625,Velociraptor
474,266,1.781954887218045,17.4091796875,Velociraptor
474,331,1.43202416918429,20.4326171875,Velociraptor
474,476,0.9957983193277311,31.8525390625,Velociraptor
474,266,1.781954887218045,21.8955078125,Velociraptor
348,220,1.5818181818181818,34.8310546875,Velociraptor
474,300,1.58,27.53515625,Velociraptor
474,474,1.0,16.0048828125,Velociraptor
474,266,1.781954887218045,18.0419921875,Velociraptor
474,663,0.7149321266968326,19.783203125,Velociraptor
474,303,1.5643564356435644,14.3427734375,Velociraptor
474,250,1.896,12.4287109375,Velociraptor
474,828,0.572463768115942,75.224609375,Velociraptor
474,210,2.257142857142857,13.8193359375,Velociraptor
474,382,1.2408376963350785,34.796875,Velociraptor
474,343,1.3819241982507289,34.1611328125,Velociraptor
474,474,1.0,33.9814453125,Velociraptor
474,405,1.1703703703703703,21.263671875,Velociraptor
474,316,1.5,27.009765625,Velociraptor
474,344,1.377906976744186,18.8046875,Velociraptor
474,355,1.3352112676056338,18.515625,Velociraptor
474,259,1.83011583011583,18.51953125,Velociraptor
474,177,2.6779661016949152,9.21484375,Velociraptor
474,341,1.3900293255131966,15.49609375,Velociraptor
474,444,1.0675675675675675,38.6787109375,Velociraptor
474,266,1.781954887218045,27.5146484375,Velociraptor
474,355,1.3352112676056338,33.244140625,Velociraptor
474,355,1.3352112676056338,13.880859375,Velociraptor
474,316,1.5,22.23828125,Velociraptor
474,341,1.3900293255131966,32.2841796875,Velociraptor
474,306,1.5490196078431373,26.6923828125,Velociraptor
474,474,1.0,17.3349609375,Velociraptor
474,474,1.0,27.5751953125,Velociraptor
474,266,1.781954887218045,16.0126953125,Velociraptor
474,260,1.823076923076923,27.71875,Velociraptor
474,266,1.781954887218045,21.419921875,Velociraptor
474,516,0.9186046511627907,52.6201171875,Velociraptor
474,266,1.781954887218045,32.17578125,Velociraptor
474,266,1.781954887218045,21.5732421875,Velociraptor
474,423,1.1205673758865249,23.533203125,Velociraptor
474,248,1.9112903225806452,11.5693359375,Velociraptor
474,277,1.711191335740072,15.986328125,Velociraptor
474,529,0.8960302457466919,50.0390625,Velociraptor
474,266,1.781954887218045,31.419921875,Velociraptor
474,355,1.3352112676056338,15.0849609375,Velociraptor
474,474,1.0,14.837890625,Velociraptor
474,288,1.6458333333333333,26.8330078125,Velociraptor
474,474,1.0,23.201171875,Velociraptor
474,474,1.0,27.2099609375,Velociraptor
474,266,1.781954887218045,29.41796875,Velociraptor
474,266,1.781954887218045,10.4873046875,Velociraptor
474,711,0.6666666666666666,39.6396484375,Velociraptor
474,266,1.781954887218045,23.6669921875,Velociraptor
474,474,1.0,30.314453125,Velociraptor
474,637,0.7441130298273155,63.9912109375,Velociraptor
474,474,1.0,37.232421875,Velociraptor
474,481,0.9854469854469855,35.806640625,Velociraptor
474,234,2.0256410256410255,23.4306640625,Velociraptor
474,266,1.781954887218045,28.5205078125,Velociraptor
474,254,1.8661417322834646,12.7607421875,Velociraptor
474,266,1.781954887218045,13.50390625,Velociraptor
474,410,1.1560975609756097,24.91796875,Velociraptor
474,355,1.3352112676056338,17.736328125,Velociraptor
474,711,0.6666666666666666,45.08203125,Velociraptor
474,566,0.8374558303886925,25.9326171875,Velociraptor
474,315,1.5047619047619047,23.0771484375,Velociraptor
474,408,1.161764705882353,21.2763671875,Velociraptor
474,266,1.781954887218045,26.583984375,Velociraptor
474,687,0.6899563318777293,58.9921875,Velociraptor
474,577,0.8214904679376083,26.3916015625,Velociraptor
474,355,1.3352112676056338,19.44921875,Velociraptor
474,474,1.0,56.921875,Velociraptor
474,316,1.5,23.6572265625,Velociraptor
474,309,1.5339805825242718,10.525390625,Velociraptor
339,184,1.8423913043478262,8.025390625,Velociraptor
474,474,1.0,25.3388671875,Velociraptor
474,245,1.9346938775510205,18.373046875,Velociraptor
474,266,1.781954887218045,15.64453125,Velociraptor
474,632,0.75,42.763671875,Velociraptor
474,316,1.5,19.8935546875,Velociraptor
474,237,2.0,15.5654296875,Velociraptor
474,355,1.3352112676056338,24.4580078125,Velociraptor
474,316,1.5,59.42578125,Velociraptor
474,711,0.6666666666666666,80.5859375,Velociraptor
474,237,2.0,38.6025390625,Velociraptor
474,502,0.9442231075697212,26.8447265625,Velociraptor
474,254,1.8661417322834646,13.3876953125,Velociraptor
474,474,1.0,28.3583984375,Velociraptor
474,266,1.781954887218045,13.0078125,Velociraptor
474,399,1.1879699248120301,22.58203125,Velociraptor
474,248,1.9112903225806452,29.17578125,Velociraptor
474,474,1.0,77.3681640625,Velociraptor
474,270,1.7555555555555555,12.9365234375,Velociraptor
474,374,1.267379679144385,16.8505859375,Velociraptor
474,266,1.781954887218045,12.283203125,Velociraptor
474,201,2.3582089552238807,21.9833984375,Velociraptor
474,506,0.9367588932806324,20.857421875,Velociraptor
474,291,1.6288659793814433,19.392578125,Velociraptor
474,341,1.3900293255131966,13.7802734375,Velociraptor
474,474,1.0,36.9111328125,Velociraptor
474,425,1.1152941176470588,34.4755859375,Velociraptor
474,528,0.8977272727272727,28.8076171875,Velociraptor
474,574,0.8257839721254355,43.34765625,Velociraptor
474,358,1.324022346368715,22.4228515625,Velociraptor
474,392,1.2091836734693877,40.986328125,Velociraptor
474,266,1.781954887218045,17.4716796875,Velociraptor
474,274,1.72992700729927,37.16796875,Velociraptor
474,382,1.2408376963350785,35.5810546875,Velociraptor
474,839,0.564958283671037,56.650390625,Velociraptor
474,275,1.7236363636363636,35.333984375,Velociraptor
474,592,0.8006756756756757,81.26953125,Velociraptor
